doy,2001,2002,2003,2004,2005,2006,2007,2008,2009,2010,2011,2012,2013,2014,2015,2016,2017,2018,2019,2020,2021,2022,2023
1,0.524,0.175,0.597,0.881,0.481,0.763,0.597,0.274,0.597,0.176,0.42,0.693,0.597,0.42,0.175,0.127,0.691,0.227,0.597,1,0.079,0.597,0.238
2,0.524,0.175,0.657,0.869,0.522,0.693,0.597,0.274,0.597,0.194,0.342,0.693,0.597,0.42,0.175,0.127,0.691,0.227,0.597,1,0.079,0.597,0.172
3,0.597,0.259,0.597,0.869,0.597,0.693,0.597,0.524,0.597,0.175,0.42,0.693,0.597,0.42,0.175,1,0.881,0.287,0.597,0.846,0.079,0.597,0.083
4,0.597,0.279,0.554,0.818,0.732,0.597,0.597,0.597,0.597,0.079,0.302,0.597,0.597,0.42,0.267,1,0.881,0.693,0.597,0.765,0.079,0.597,0.091
5,0.5,1,0.474,0.818,0.732,0.597,0.597,0.597,0.597,0.079,0.302,0.597,0.597,0.42,1,1,0.789,0.693,0.597,0.765,0.079,0.524,0.091
6,0.428,1,0.474,1,0.597,0.597,0.597,0.597,0.597,0.079,0.56,0.597,0.597,0.42,1,0.845,0.787,0.693,0.733,0.69,0,0.524,0.179
7,0.428,1,0.474,1,0.597,0.484,0.597,0.524,0.597,0.079,0.808,0.597,0.518,0.42,1,0.732,0.789,0.693,0.733,0.69,0,0.524,0.185
8,0.428,1,0.474,1,0.597,0.562,0.69,0.524,0.597,0.079,0.736,0.597,0,0.344,0.907,0.732,0.789,0.524,0.925,0.69,0,0.524,0.185
9,0.524,1,0.474,1,0.597,0.562,0.69,0.524,0.597,0.079,0.597,0.597,,0.248,0.87,0.597,0.881,0.5,0.925,0.693,0,0.524,0.192
10,0.524,0.956,0.474,1,0.597,0.457,0.597,0.597,0.597,0.079,0.597,0.597,0.952,0.167,0.881,0.597,0.881,0.428,0.881,0.693,0,0.524,0.186
11,0.524,0.956,0.474,1,0.597,0.67,0.597,0.597,0.597,0.079,0.597,0.66,0.952,0.167,0.881,0.597,0.881,0.428,0.881,0.763,0,0.428,0.245
12,0.481,0.956,0.474,1,0.693,0.67,0.597,0.524,0.597,0.079,0.597,0.631,0.881,0.167,0.881,0.597,0.881,0.332,0.881,0.76,0,0.428,0.191
13,0.481,0.956,0.524,1,0.597,0.834,0.597,0.524,0.597,0.079,0.597,0.631,0.881,0.087,0.881,0.597,0.881,0.165,0.881,0.76,0,0.5,0.192
14,0.42,0.956,0.524,1,0.597,0.834,0.597,0.524,0.597,0.087,0.597,1,0.881,0.087,0.881,0.597,0.881,0.165,0.881,0.732,0,0.597,0.264
15,0.42,0.956,0.785,0.944,0.69,0.834,0.597,0.524,0.597,1,0.554,1,0.881,0.079,0.881,0.597,0.788,0.165,0.881,0.732,0.072,0.597,0.342
16,0.474,0.956,0.785,0.879,0.69,0.834,0.597,0.524,0.597,1,0.554,0.845,0.881,0.079,0.881,0.597,0.597,0.165,0.881,0.732,0.378,0.597,0.337
17,0.474,0.952,0.785,0.879,0.763,0.834,0.597,0.524,0.524,1,0.455,0.837,0.881,0.079,0.881,0.58,0.69,0.788,0.881,0.732,0.378,0.657,0.337
18,0.562,0.952,0.785,0.782,0.763,0.854,0.597,0.597,0.597,0.786,0.455,0.837,0.881,0.079,0.881,0.58,0.69,0.881,0.881,0.914,0.855,0.688,0.337
19,0.608,0.952,0.785,0.879,0.76,0.854,0.597,0.524,0.597,0.657,0.416,0.856,0.881,0.079,0.881,0.58,0.69,0.881,0.881,0.914,0.881,0.879,0.333
20,0.56,0.881,0.737,0.785,0.76,0.851,0.597,0.524,0.597,0.657,0.344,0.856,0.881,0.079,0.881,0.54,0.69,0.881,0.881,0.914,0.881,0.881,0.328
21,0.481,0.881,0.597,0.785,0.76,0.851,0.597,0.524,0.565,0.657,0.344,0.869,0.881,0.079,0.879,1,0.69,0.879,0.881,0.87,0.881,0.881,0.322
22,0.58,0.881,0.597,0.785,0.76,0.732,0.597,0.524,0.524,0.657,0.344,0.869,0.879,0.079,0.879,1,0.597,0.785,0.881,0.879,0.879,0.881,0.322
23,0.66,0.881,0.597,0.763,0.851,0.732,0.597,0.597,0.524,0.657,0.344,0.866,0.787,0.079,0.879,0.373,0.597,0.785,0.881,0.879,0.879,0.881,0.221
24,0.66,0.881,0.524,0.533,0.693,0.732,0.597,0.597,0.524,0.866,0.274,0.996,0.787,0.079,0.879,0.911,0.597,0.785,0.881,0.879,0.785,0.881,0.179
25,0.597,0.881,0.524,0.535,0.693,0.732,0.597,0.597,0.524,0.869,0.274,0.996,0.787,0,0.879,0.925,0.597,0.879,0.881,0.866,0.657,0.881,0.245
26,0.597,0.881,0.524,0.83,0.693,0.732,0.597,0.597,0.132,0.869,0.342,0.994,0.764,0.175,0.879,0.881,0.879,1,0.879,0.866,0.657,0.948,0.172
27,0.597,0.879,0.524,0.785,0.597,0.833,0.597,0.597,0.132,0.869,0.342,0.994,0.764,0.248,0.879,0.881,0.881,0.867,0.879,0.763,0.657,0.881,0.091
28,0.597,0.879,0.597,0.881,0.597,0.852,0.597,0.56,0.132,0.789,0.342,1,0.764,0.248,0.879,0.881,0.956,0.597,0.879,0.763,0.657,0.881,0.091
29,0.597,0.879,0.597,0.881,0.597,0.852,0.597,0.904,0,0.789,0.537,1,0.834,0.248,0.785,0.881,0.956,0.597,0.879,0.763,0.597,0.87,0.104
30,0.597,0.879,0.657,0.881,0.597,0.852,0.597,0.952,0,0.693,0.534,0.855,0.784,0.248,0.763,0.881,0.881,0.597,0.787,0.693,0.597,0.881,0.138
31,0.597,0.879,0.657,0.881,0.597,0.852,0.66,0.881,0.597,0.597,0.46,0.789,0.66,0.151,0.693,0.881,0.881,0.597,0.787,0.597,0.597,0.881,0.756
32,0.597,0.879,0.657,0.881,0.597,0.852,0.834,0.881,0.597,0.597,0.691,0.789,0.597,0.151,0.693,0.881,0.881,0.597,0.787,0.597,0.597,0.881,0.762
33,0.597,0.787,0.657,0.879,0.508,0.764,0.831,0.881,0.597,0.597,0.558,0.789,0.597,0.151,0.693,0.787,0.881,0.597,0.787,0.597,0.597,0.881,0.809
34,0.597,0.787,0.763,0.866,0.456,0.597,0.831,0.881,0.597,0.597,0.474,0.789,0.69,0.524,0.597,0.787,0.881,0.597,0.787,0.597,0.597,0.881,0.809
35,0.597,0.693,0.785,0.866,0.508,0.597,0.831,0.881,0.597,0.879,0.474,0.785,0.597,0.524,0.597,0.69,0.881,0.597,0.879,0.597,0.597,0.881,0.789
36,0.658,0.597,0.879,0.866,0.508,0.597,0.879,0.881,0.597,0.956,0.474,0.785,0.597,0.524,0.597,0.767,0.879,0.597,0.785,0.597,0.597,0.881,0.789
37,0.597,0.597,0.879,0.787,0.508,0.597,0.879,0.879,0.597,0.956,0.474,0.785,0.597,0.524,0.597,0.956,0.879,0.597,0.785,0.597,0.524,0.881,0.83
38,0.597,0.597,0.879,0.787,0.848,0.597,0.881,0.881,0.565,0.881,0.474,0.785,0.597,0.524,0.631,0.956,0.879,0.597,0.688,0.597,0.524,0.881,0.894
39,0.597,0.597,0.879,0.787,0.848,0.597,0.881,0.881,0.688,0.881,0.474,0.866,0.597,0.524,0.631,0.881,0.879,0.524,0.657,0.597,0.524,0.881,0.997
40,0.597,0.658,0.879,0.69,0.952,0.881,0.881,0.879,0.899,0.881,0.474,0.662,0.597,0.44,0.717,0.879,0.879,0.474,0.735,0.628,0.524,0.881,0.996
41,0.597,0.658,0.879,0.693,0.952,0.881,0.881,0.879,0.834,0.869,0.42,0.662,0.597,0.344,0.717,0.879,0.782,0.474,0.597,,0.524,0.881,0.857
42,0.597,0.597,0.869,0.693,0.952,0.881,0.881,0.866,0.759,0.474,0.42,0.662,0.671,0.079,0,0.879,0.732,0.474,0.597,,0.524,0.881,0.865
43,0.597,0.597,0.869,0.72,0.881,0.881,0.879,0.85,0.688,0.474,0.303,0.662,0.671,0.079,1,0.787,0.732,0.474,0.597,,0.524,0.881,0.865
44,0.597,0.597,0.869,0.785,0.881,0.881,0.879,0.85,0.597,0.474,0.303,0.662,0.597,0.079,0.894,0.597,0.732,0.342,0.597,,0.474,0.879,0.865
45,0.597,0.597,0.869,0.696,0.881,0.881,0.879,0.615,0.597,0.474,0.303,0.662,0.597,0.079,0.894,0.597,0.854,0.342,0.597,1,0.474,0.881,0.865
46,0.565,0.597,0.339,0.723,0.881,0.881,0.879,0.609,0.565,0.474,0.428,0.662,0.599,0,0.894,0.597,0.869,0.342,0.688,1,0.474,0.881,0.863
47,0.565,0.597,0.339,0.432,0.881,0.881,0.729,0.609,0.565,0.474,0.428,1,0.599,0.079,0.894,0.597,0.869,0.524,0.688,1,0.394,0.881,0.863
48,0,0.597,0.792,0.752,0.881,0.881,0.729,0.609,0.565,0.394,0.524,0.816,0.761,0.079,0.894,0.597,0.869,0.597,0.837,1,0.331,0.869,0.867
49,0,0.597,0.792,0.951,0.881,0.881,0.597,0.879,0.659,0.331,0.524,0.881,0.599,0.079,0.947,0.597,0.789,0.597,0.628,1,0.613,0.869,
50,0,0.524,0.792,0.869,0.881,0.881,0.597,0.881,1,0.242,0.524,0.881,0.599,0.079,0.859,,0.787,0.597,0.626,1,0.685,0.869,
51,0.31,0.474,1,0.869,0.881,0.881,0.597,0.881,1,0.242,0.524,0.881,0.599,0,0.956,,0.69,0.597,0.658,1,0.881,0.869,
52,0.31,0.554,1,0.869,0.853,0.693,0.597,0.881,1,0.297,0.452,0.881,0.599,0,0.956,,0.597,0.597,0.658,0.689,0.881,0.869,
53,0.685,0.474,1,0.881,0.762,0.597,0.597,0.881,1,0.297,0.524,0.881,0.597,0,0.956,,0.597,0.524,0.658,0.641,0.881,0.866,
54,0.853,0.42,0.655,0.881,0.69,0.597,0.597,0.881,0.839,0.297,0.524,0.881,0.597,0,0.956,,0.597,0.524,0.597,0.614,0.881,0.866,
55,0.853,0.524,0.655,0.869,0.69,0.597,0.597,0.881,0.839,0.314,0.524,0.881,0.597,0,0.956,,0.597,0.524,0.597,0.565,0.881,0.759,
56,0.765,0.524,0.945,0.869,0.69,0.597,0.597,0.881,0.839,0.314,0.524,0.881,0.474,0.079,0.881,,0.597,0.428,0.597,0.565,0.879,0.732,
57,0.765,0.524,0.956,0.866,0.658,0.597,0.597,0.854,0.839,0.314,0.428,0.881,0.474,0.428,0.868,,0.597,0.428,0.597,0.565,0.879,0.732,
58,0.597,0.524,0.956,0.866,0.597,0.597,0.597,0.854,0.839,0.597,0.428,0.785,0.474,0.428,0.868,,0.597,0.302,0.597,0.565,0.782,0.732,
59,0.597,0.597,0.956,0.866,0.597,0.515,0.597,0.854,0.839,0.597,0.428,0.785,0.474,0.428,0.868,0.344,0.597,0.302,0.69,0.597,0.69,0.752,
60,0.597,0.597,0.956,0.866,0.597,0.554,0.597,0.854,0.854,0.597,0.428,0.699,0.474,0.428,0.868,0.344,0.597,0.302,0.69,0.597,0.69,0.752,
61,0.597,0.524,0.956,0.866,0.597,0.554,0.597,0.767,0.88,0.597,0.428,0.659,0.474,0.332,0.785,0.344,0.597,0.248,0.698,0.597,0.69,0.752,
62,0.597,0.524,0.956,0.866,0.554,0.597,0.597,0.693,0.834,0.597,0.428,0.952,0.554,0.163,0.599,0.428,0.597,0.175,0.657,0.597,0.597,0,
63,0.597,0.428,0.881,0.851,0.554,0.597,0.597,0.597,0.765,0.597,0.428,0.881,0.554,0,0.597,0.428,0.597,0.175,0.764,0.597,0.597,0,
64,0.597,0.356,0.881,0,0.554,0.597,0.597,0.597,0.765,0.428,0.428,0.881,0.554,0,0.597,0.272,0.597,0.175,0.69,0.597,0.597,0.597,
65,0.524,0.428,0.869,0.617,0.53,0.597,0.597,0.597,0.765,0.284,0.428,0.881,0.554,0,0.597,0.272,0.597,0.175,0.69,0.597,0.597,0.597,
66,0.524,0.356,0.869,0.597,0.53,0.597,0.597,0.597,0.765,0.175,0.428,0.881,0.554,0,0.597,0.272,0.597,0.079,0.69,0.597,0.597,0.597,
67,0.524,0.287,0.834,0.597,0.53,0.879,0.597,0.597,0.658,0.175,0.384,0.881,0.474,0,0.597,0.248,0.597,0.079,0.597,0.597,0.597,0.597,
68,0.524,0.287,0.834,0.597,0.5,0.925,0.597,0.597,0.597,0.079,0.782,0.881,0.474,0,0.597,0.175,0.597,0.079,0.597,0.554,0.597,0.597,
69,0.524,0.194,0.834,0.597,0.73,0.925,0.597,0.524,0.597,0.079,0.881,0.881,0.474,0.079,0.554,0.175,0.597,0.079,0.597,0.554,0.524,0.597,
70,0.474,0.211,0.853,0.597,0.658,0.881,0.597,0.524,0.565,0,0.881,0.881,0.428,0.231,0.554,0.151,0.597,0.079,0.597,0.554,0.524,0.597,
71,0.474,0.211,0.784,0.597,0.597,0.879,0.524,0.42,0.565,0.079,0.881,0.881,0.428,0.434,0.5,0.079,0.554,0.079,0.597,0.554,0.524,,
72,0.474,0.175,0.782,0.597,0.597,0.879,0.474,0.524,0.565,0.079,0.881,0.879,0.376,0.597,0.428,0.079,0.508,0.079,0.597,0.474,0.524,0.75,
73,0.428,0.105,0.782,0.597,0.597,0.782,0.364,0.524,0.565,0.079,0.881,0.614,0.376,0.597,0.384,0.079,0.191,0.079,0.597,0.428,0.524,0.881,
74,0.376,0.105,0.782,0.597,0.597,0.782,0.597,0.524,0.597,0.079,0.881,0,0.376,0.597,0.356,0.079,0.191,0.079,0.597,0.428,0.524,0.881,
75,0.367,0,0.782,0.597,0.597,0.76,0.66,0.524,0.597,0,0.879,0.782,0.376,0.597,0.356,0.079,0.469,0.079,0.597,0.463,0.428,0.881,
76,0.367,0,0.782,0.597,0.524,0.732,0.66,0.428,0.597,0,0.879,0.881,0.428,0.597,0.356,0.151,0.469,0.079,0.597,0.463,0.376,0.881,
77,0.428,0,0.759,0.565,0.428,0.597,0.658,0.524,0.597,0.175,0.782,0.881,0.524,0.597,0.356,0.16,0.469,0,0.597,0.463,0.376,0.881,
78,0.428,0,0.732,0.597,0.428,0.597,0.597,0.428,0.524,0.175,0.76,0.881,0.524,0.428,0.394,0.16,0.469,0,0.597,0.566,0.376,0.881,
79,0.428,,0.735,0.597,0.428,0.342,0.597,0.5,0.524,0.175,0.76,0.881,0.524,0.428,0.474,0.367,0.469,0,0.597,0.524,0.376,0.94,
80,0.428,,0.448,0.554,0.428,0.209,0.597,0.428,0.487,0.079,0.657,0.693,0.524,0.079,0.524,0.367,0.515,0,0.597,0.815,0.376,0,
81,0.272,,0.448,0.554,0.428,0.209,0.597,0.428,0.487,0,0.428,0.597,0.524,0.079,0.524,0.367,0.428,0,0.597,0.631,0.376,0.022,
82,0.175,,0,0.597,0.428,0.209,0.554,0.428,0.428,0,0.474,0.597,0.428,0.079,0.524,0.367,0.376,0,0.565,0.524,0.302,0.881,
83,0.175,,0.854,0.597,0.214,0.209,0.554,0.356,0.524,0,0.428,0.597,0.428,0.079,0.597,0.367,0.376,0,0.565,0.524,0.302,0.881,
84,0.175,,0.851,0.597,0.428,0.209,0.515,0.272,0.524,0,0.428,0.597,0.322,0,0.5,0.367,0.376,0,0.517,0.524,0.759,0.881,
85,0.175,,0.851,0.524,0.428,0.112,0.331,0.175,0.657,0,0.428,0.658,0.356,0,0.428,0.287,0.376,0,0.444,0.524,0.759,0.881,
86,0.175,,0.851,0.524,0.428,0.112,0.376,0,0.575,0.079,0.428,0.658,0.356,0,0.428,0.13,0.376,0,0,0.428,0.688,0.881,
87,0.079,1,0.866,0.481,0.428,0,0.376,0,0.565,0.079,0.428,0.658,0.356,0,0.376,0.356,0.376,0.079,0,0.428,0.688,0.879,
88,0.079,1,0.866,0.481,0.428,0,0.376,0,0.565,0,0.428,0.658,0.287,0,0.376,0.524,0.376,0.175,0,0.302,0.688,0.879,
89,0.079,1,0.866,0.224,0.356,0,0.376,0,0.565,0,0.428,0.658,0.287,0.079,0.184,0.597,0.302,0.175,0,0.209,0.597,0.787,
90,0.079,1,0.866,0.224,0.356,0.114,0.376,0,0.597,0,0.376,0.525,0.259,0.079,0.096,0.597,0.302,0.175,0.634,0.208,0.597,0.787,
91,0.079,1,0.866,0.224,0.109,0.114,0.376,0.079,0.597,0,0.297,0.565,0.259,0.079,0.094,0.524,0.367,0,0.554,0.344,0.524,0.879,
92,0.079,0.44,0.69,0.112,0.597,0.114,0.302,0.079,0.597,0,0.297,0.597,0,0,0.085,0.428,0.332,0,0.554,0.28,0.474,0.597,
93,0.079,0.287,0.69,0.112,0.693,0.114,0.204,0.163,0.597,0,0.297,0.597,0.079,0,0.079,0.235,0.332,0,0.554,0.28,0.518,0.597,
94,0,0.287,0.597,0.112,0.693,0.339,0.204,0.079,0.524,0,0.214,0.597,0.428,0,0.079,0.079,0.235,0,0.554,0.28,0.428,0.597,
95,0,0.287,0.597,0.112,0.693,0.193,0.104,0.079,0.428,0,0,0.597,0.428,0,0.079,0.175,0.175,0,0.5,0.176,0.428,0.597,
96,0,0.356,0.597,0.112,0.597,0.214,0.118,0.079,0.428,0,0.172,0.597,0.428,0,0,0.079,0.248,0,0.428,0.085,0.428,0.597,
97,0,0.356,0.515,0.231,0.597,0.191,0.118,0.079,0.428,0,0.216,0.597,0.235,0,0,0.079,0.079,0,0.428,0,0.428,0.597,
98,0,0.259,0.554,0.356,0.428,0.175,0,0,0.428,0,0.216,0.597,0.079,0,0.079,0.079,0.079,0,0.428,0.099,0.376,0.597,
99,0,0.259,0.554,0.356,0.196,0.175,0,0,0.428,0,0.216,0.524,0.079,0,0.079,0.079,0.079,0,0.428,0.112,0.376,0.597,
100,0,0.079,0.597,0.356,0.274,0.175,0,0,0.428,0,0.356,0.524,0.079,0,0.079,0.079,0.079,0,0.428,0.176,0.5,0.5,
101,0,0.079,0.524,0.259,0.105,0.079,0,0,0.428,0,0.356,0.597,0.079,0,0.344,0.079,0.079,0,0.428,0.163,0.597,0.597,
102,0,0.079,0.524,0.356,0.078,0.079,0.213,0,0.428,0,0.452,0.597,0.079,0,0.886,0.079,0.079,0,0.5,0.086,0.597,0.524,
103,0,0,0.524,0.259,0.091,0.079,0.102,0,0.428,0,0.524,0.524,0.079,0,0.886,0.079,0.079,0,0.5,0.079,0.597,0.524,
104,0,0,0.524,0.356,0,0.079,0.102,0,0.428,0,0.428,0.524,0.079,0,0.407,0.079,0.079,0,0.5,0.079,0.597,0.428,
105,0,,0.487,0.163,0,0,0,0,0.376,0,0.332,0.524,0.079,0,0.248,0.079,0.079,0,0.5,0.079,0.428,0.524,
106,0,0,0.487,0.163,0,0,0,0,0.428,0,0.175,0.524,0.079,0,0.248,0.079,0.079,0,0.455,0.079,0.356,0.428,
107,0,0,0,0.163,0,0,0,0,0.384,0,0.079,0.524,0.079,0,0,0,0.079,0,0.168,0.079,0.332,0.356,
108,0,0,0,0.163,0,0,0.079,0,0.356,0,0.079,0.41,0.089,0,0.079,0,0.079,0,,0.079,0.163,0.356,
109,0,0,0,0,0,0,0.079,0,0.356,0,0,0.473,,0,0,0,0,0,1,0.079,0.079,0.356,
110,0,0.085,0.163,0,0,0,0.079,0,0.356,0,0,0.367,0.095,0,0,0,0,0,0.866,0.079,0.079,0.428,
111,0,0.095,0.253,0,0,0,0.079,0,0.356,0,0,0.428,0.079,0,0,0,0,0,0.658,0.079,0,0.428,
112,0,0.095,0.164,0,0,0,0.079,0,0.163,0,0,0.301,0.079,0,0.265,0,0,0,0.597,0.079,0,0.356,
113,0,0.095,0.164,0,0,0,0.079,0,0.163,0,0,0.356,0.079,0,0.597,0,0,0,0.597,0,0,0.332,
114,0,0.085,0.304,0,0,0,0.079,0,0.163,0,0,0.356,0.079,0,0.597,0,0,0,0.597,0.079,0,0.079,
115,0,0,0.269,0,0,0,0,0,0.163,0,0,0.356,0.079,0,0.597,0,0,0,0.597,0.079,0,0.259,
116,0,0,0.287,0,0,0,0,0,0.079,0,0,0.428,0.079,0,0.356,0,0,0,0.597,0.079,0,0.079,
117,0,0,0.287,0,0,0,0,0,0.079,0,0,0.428,0,0,0.272,0,0,0,0.428,0.079,0,0.163,
118,0,0,0.356,0,0,0,0,0,0.079,0,0,0.428,0.079,0,0,0,0,0,0.356,0.079,0,0.079,
119,0,0,0.356,0,0,0,0,0,0.079,0,0,0.163,0.079,0,0,0,0,0,0.297,0.079,0,0.163,
120,0,0,0.356,0,0,0,0,0,0.079,0,0,0.163,0,0,0,0,0,0,0.428,0,0,0,
121,0,0,0.356,0,0,0,0,0,0,0,0,0.163,0,0,0,0,0,0,0.428,0,0,0,
122,0.079,0,0.428,0,0,0,0,0,0,0,0,0.163,0,0,0,0,0,0,0.259,0,0,0,
123,0,0,0.259,0,0,0,0,0,0,0,0,0.091,0,0,0,0,0,0,0.091,0,0,0,
124,0,0,0.356,0,0,0,0,0,0,0,0,0.163,0,0,0,0,0,0,0.091,0,0,0,
125,0,0,0.259,0,0,0,0,0,0,0,0,0.163,0,0,0,0,0,0,0.274,0,0,0,
126,0,0,0.259,0,0,0,0,0,0,0,0,0.163,0,0,0,0,0,0,0.091,0,0,0,
127,0,0,0.356,0,0,0,0,0,0,0,0,0.079,0,0,0,0,0,0,0.091,0,0,0,
128,0,0,0.079,0,0,0,0,0,0,0,0,0,0,0,0,0,0,0,0.079,0,0,0,
129,0,0,0.259,0,0,0,0,0,0,0,0,0,0,0,0,0,0,0,0.079,0,0,0,
130,0,0,0.259,0,0,0,0,0,0,0,0,0,0,0,0,0,0,0,0.079,0,0,0,
131,0,0,0.272,0,0,0,0,0,0,0,0,0,0,0,0,0,0,0,0.079,0,0,0,
132,0,0,0,0,0,0,0,0,0,0,0,0,0,0,0,0,0,0,0.079,0,0,0,
133,0,0,0.079,0,0,0,0,0,0,0,0,0,0,0,0,0,0,0,0.079,0,0,0,
134,0,0.079,0.079,0,0,0,0,0,0,0,0,0,0,0,0,0,0,0,0.079,0,0,0,
135,0,0.079,0,0,0,0,0,0,0,0,0,0,0,0,0,0,0,0,0,0,0,0,
136,0,0,0.079,0,0,0,0,0,0,0,0,0,0,0,0,0,0,0,0,0,0,0,
137,0,0,0,0,0,0,0,0,0,0,0,0,0,0,0,0,0,0,0,0,0,0,
138,0,0,0.079,0,0,0,0,0,0,0,0,0,0,0,0,0,0,0,0,0,0,0,
139,0,0,0,0,0,0,0,0,0,0,0,0,0,0,0,0,0,0,0,0,0,0,
140,0,0,0,0,0,0,0,0,0,0,0,0,0,0,0,0,0,0,0,0,0,0,
141,0,0,0,0,0,0,0,0,0,0,0,0,0,0,0,0,0,0,0,0,0,0,
142,0,0,0,0,0,0,0,0,0,0,0,0,0,0,0,0,0,0,0,0,0,0,
143,0,0,0,0,0,0,0,0,0,0,0,0,0,0,0,0,0,0,0,0,0,0,
144,0,0,0,0,0,0,0,0,0,0,0,0,0,0,0,0,0,0,0,0,0,0,
145,0,0,0,0,0,0,0,0,0,0,0,0,0,0,0,0,0,0,0,0,0,0,
146,0,0,0,0,0,0,0,0,0,0,0,0,0,0,0,0,0,0,0,0,0,0,
147,0,0,0,0,0,0,0,0,0,0,0,0,0,0,0,0,0,0,0,0,0,0,
148,0,0,0,0,0,0,0,0,0,0,0,0,0,0,0,0,0,0,0,0,0,0,
149,0,0,0,0,0,0,0,0,0,0,0,0,0,0,0,0,0,0,0,0,0,0,
150,0,0,0,0,0,0,0,0,0,0,0,0,0,0,0,0,0,0,0,0,0,0,
151,0,0,0,0,0,0,0,0,0,0,0,0,0,0,0,0,0,0,0,0,0,0,
152,0,0,0,0,0,0,0,0,0,0,0,0,0,0,0,0,0,0,0,0,0,0,
153,0,0,0,0,0,0,0,0,0,0,0,0,0,0,0,0,0,0,0,0,0,0,
154,0,0,0,0,0,0,0,0,0,0,0,0,0,0,0,0,0,0,0,0,0,0,
155,0,0,0,0,0,0,0,0,0,0,0,0,0,0,0,0,0,0,0,0,0,0,
156,0,0,0,0,0,0,0,0,0,0,0,0,0,0,0,0,0,0,0,0,0,0,
157,0,0,0,0,0,0,0,0,0,0,0,0,0,0,0,0,0,0,0,0,0,0,
158,0,0,0,0,0,0,0,0,0,0,0,0,0,0,0,0,0,0,0,0,0,0,
159,0,0,0,0,0,0,0,0,0,0,0,0,0,0,0,0,0,0,0,0,0,0,
160,0,0,0,0,0,0,0,0,0,0,0,0,0,0,0,0,0,0,0,0,0,0,
161,0,0,0,0,0,0,0,0,0,0,0,0,0,0,0,0,0,0,0,0,0,0,
162,0,0,0,0,0,0,0,0,0,0,0,0,0,0,0,0,0,0,0,0,0,0,
163,0,0,0,0,0,0,0,0,0,0,0,0,0,0,0,0,0,0,0,0,0,0,
164,0,0,0,0,0,0,0,0,0,0,0,0,0,0,0,0,0,0,0,0,0,0,
165,0,0,0,0,0,0,0,0,0,0,0,0,0,0,0,0,0,0,0,0,0,0,
166,0,0,0,0,0,0,0,0,0,0,0,0,0,0,0,0,0,0,0,0,0,0,
167,,0,0,0,0,0,0,0,0,0,0,0,0,0,0,0,0,0,0,0,0,0,
168,,0,0,0,0,0,0,0,0,0,0,0,0,0,0,0,0,0,0,0,0,0,
169,,0,0,0,0,0,0,0,0,0,0,0,0,0,0,0,0,0,0,0,0,0,
170,,0,0,0,0,0,0,0,0,0,0,0,0,0,0,0,0,0,0,0,0,0,
171,,0,0,0,0,0,0,0,0,0,0,0,0,0,0,0,0,0,0,0,0,0,
172,,0,0,0,0,0,0,0,0,0,0,0,0,0,0,0,0,0,0,0,0,0,
173,,0,0,0,0,0,0,0,0,0,0,0,0,0,0,0,0,0,0,0,0,0,
174,,0,0,0,0,0,0,0,0,0,0,0,0,0,0,0,0,0,0,0,0,0,
175,,0,0,0,0,0,0,0,0,0,0,0,0,0,0,0,0,0,0,0,0,0,
176,,0,0,0,0,0,0,0,0,0,0,0,0,0,0,0,0,0,0,0,0,0,
177,,0,0,0,0,0,0,0,0,0,0,0,0,0,0,0,0,0,0,0,0,0,
178,,0,0,0,0,0,0,0,0,0,0,0,0,0,0,0,0,0,0,0,0,0,
179,,0,0,0,0,0,0,0,0,0,0,0,0,0,0,0,0,0,0,0,0,0,
180,,0,0,0,0,0,0,0,0,0,0,0,0,0,0,0,0,0,0,0,0,0,
181,,0,0,0,0,0,0,0,0,0,0,0,0,0,0,0,0,0,0,0,0,0,
182,,0,0,0,0,0,0,0,0,0,0,0,0,0,0,0,0,0,0,0,0,0,
183,,0,0,0,0,0,0,0,0,0,0,0,0,0,0,0,0,0,0,0,0,0,
184,0,0,0,0,0,0,0,0,0,0,0,0,0,0,0,0,0,0,0,0,0,0,
185,0,0,0,0,0,0,0,0,0,0,0,0,0,0,0,0,0,0,0,0,0,0,
186,0,0,0,0,0,0,0,0,0,0,0,0,0,0,0,0,0,0,0,0,0,0,
187,0,0,0,0,0,0,0,0,0,0,0,0,0,0,0,0,0,0,0,0,0,0,
188,0,0,0,0,0,0,0,0,0,0,0,0,0,0,0,0,0,0,0,0,0,0,
189,0,0,0,0,0,0,0,0,0,0,0,0,0,0,0,0,0,0,0,0,0,0,
190,0,0,0,0,0,0,0,0,0,0,0,0,0,0,0,0,0,0,0,0,0,0,
191,0,0,0,0,0,0,0,0,0,0,0,0,0,0,0,0,0,0,0,0,0,0,
192,0,0,0,0,0,0,0,0,0,0,0,0,0,0,0,0,0,0,0,0,0,0,
193,0,0,0,0,0,0,0,0,0,0,0,0,0,0,0,0,0,0,0,0,0,0,
194,0,0,0,0,0,0,0,0,0,0,0,0,0,0,0,0,0,0,0,0,0,0,
195,0,0,0,0,0,0,0,0,0,0,0,0,0,0,0,0,0,0,0,0,0,0,
196,0,0,0,0,0,0,0,0,0,0,0,0,0,0,0,0,0,0,0,0,0,0,
197,0,0,0,0,0,0,0,0,0,0,0,0,0,0,0,0,0,0,0,0,0,0,
198,0,0,0,0,0,0,0,0,0,0,0,0,0,0,0,0,0,0,0,0,0,0,
199,0,0,0,0,0,0,0,0,0,0,0,0,0,0,0,0,0,0,0,0,0,0,
200,0,0,0,0,0,0,0,0,0,0,0,0,0,0,0,0,0,0,0,0,0,0,
201,0,0,0,0,0,0,0,0,0,0,0,0,0,0,0,0,0,0,0,0,0,0,
202,0,0,0,0,0,0,0,0,0,0,0,0,0,0,0,0,0,0,0,0,0,0,
203,0,0,0,0,0,0,0,0,0,0,0,0,0,0,0,0,0,0,0,0,0,0,
204,0,0,0,0,0,0,0,0,0,0,0,0,0,0,0,0,0,0,0,0,0,0,
205,0,0,0,0,0,0,0,0,0,0,0,0,0,0,0,0,0,0,0,0,0,0,
206,0,0,0,0,0,0,0,0,0,0,0,0,0,0,0,0,0,0,0,0,0,0,
207,0,0,0,0,0,0,0,0,0,0,0,0,0,0,0,0,0,0,0,0,0,0,
208,0,0,0,0,0,0,0,0,0,0,0,0,0,0,0,0,0,0,0,0,0,0,
209,0,0,0,0,0,0,0,0,0,0,0,0,0,0,0,0,0,0,0,0,0,0,
210,0,0,0,0,0,0,0,0,0,0,0,0,0,0,0,0,0,0,0,0,0,0,
211,0,0,0,0,0,0,0,0,0,0,0,0,0,0,0,0,0,0,0,0,0,0,
305,0,0,0,0,0,0,0,0,0.194,0,0,0,0,0,0,0,0,0,0.093,0,0,0,
306,0,0,0,0,0,0,0,0,0.176,0,0,0,0,0,0,0,0,0,0.093,0,0,0,0
307,0,0,0,0,0,0,0,0,0.175,0,0,0,0,0,0,0,0,0,0.168,0,0,0,0
308,0,0,0,0,0,0,0,0,0.175,0,0.175,0,0,0,0,0,0,0,0,0,0,0,0
309,0,0,0,0,0.162,0,0,0,0.079,0,0.175,0,0,0,0,0,0,0,0,0,0,0,0
310,0,0,0,0,0.079,0,0,0,0.079,0,0.175,0,0,0,0,0,0,0,0,0,0,0,0
311,0,0,0,0,0.079,0,0,0,0.079,0,0.175,0,0,0,0,0,0,0,0,0,0,0,0
312,0,0,0,0,0.079,0,0,0,0.079,0,0.175,0,0,0,0,0,0,0,0,0,0,0,0
313,0,0,0,0,0.079,0,0,0,0,0,0.079,0,0,0,0,0,0,0,0,0,0,0,0
314,0,0,0.079,0,0.079,0,0,0,0,0,0.079,0,0,0,0,0,0,0,0,0,0,0,0
315,0,0,0.079,0,0.079,0,0,0,0,0,0.079,0,0,0,0,0,0,0,0,0,0,0,0
316,0,0,0.079,0,0.079,0,0,0,0,0,0.079,0.079,0,0,0,0,0,0,0,0,0,0,0
317,0,0,0.079,0,0.079,0,0,0,0,0,0,0.079,0,0.097,0,0,0,0.182,0,0,0,0,0
318,0,0,0,0,0.079,0,0,0,0,0,0.078,0.079,0,0.097,0,0,0,0.168,0,0,0,0,0
319,0,0,0,0,0.175,0,0,0,0,0,0.091,0.079,0,0.097,0,0,0,0.168,0,0,0,0,0
320,0,0,0,0,0.175,0,0,0,0.079,0,0.586,0.079,0,0.097,0,0,0,0.168,0,0,0,0,0
321,0.175,0,0,0.097,0.175,0,0,0,0.079,0,0.586,0.079,0,0,0,0,0,0,0,0,0,0,0
322,0.175,0,0,0.097,0.079,0,0,0,0.079,0,0.62,0.079,0,0,0,0,0,0,0,0,0,0,0
323,0.175,0,0,0.115,0.079,0,0,0,0.079,0,0.618,0,0,0,0,0,0,0,0,0,0,0,0
324,0.175,0,0,0.115,0.259,0,0.097,0.072,0.079,0,0.524,0,0,0,0,0,0,0,0,0.096,0,0,0
325,0.175,0,0,0,0.524,0,0.344,0.072,0.079,0,0.524,0,0,0.181,0,0,0.151,0.082,0,0.096,0,0,0
326,0.079,0,0,0.27,0.524,0,0.428,0.072,0,0,0.524,0,0,0.181,0,0,0.151,0.079,0,0.096,0,0,0
327,0,0,0,0.301,0.524,0,0.428,0,0,0,0.524,0,0,0.181,0,0,0.213,0.079,0,0,0,0,0
328,0,0.079,0,0.301,0.524,0,0.428,0,0,0,0.524,0,0,0.32,0,0,0.213,0.079,0,0,0,0,0
329,0,0.079,0,0.675,0.524,0,0.428,0,0,0,0.428,0,0,0.456,0,0,0.151,0.079,0,0,0,0.009,0
330,0,0.079,0,0.932,0.524,0,0.428,0,0,0,0.428,0,0,0.706,0,0,0.079,0,0,0,0,0.025,0
331,0,0.079,0,0.94,0.151,0,0.332,0,0,0,0.367,0,0,0.706,0,0,0.079,0,0,0,0,0.1,0
332,0,0.079,0,0.854,0,0,0.248,0,0,0,0.367,0,0,0.706,0,0,0.079,0,0,0,0,0.017,0
333,0.269,0.079,0,0.866,0,0,0.248,0.27,0,0,0.367,0,0,0.524,0,0,0.079,0,0,0,0,0.016,0
334,0.293,0,0,0.785,0,0,0.248,0.079,0,0,0.248,0,0,0.524,0,0.19,0.079,0,0,0,0.079,0.008,0.079
335,0.293,0,0,0.785,0,0,0.189,0.079,0,0,0.248,0,0,0.524,0.079,0.361,0.079,0,0,0,0.079,0.008,0.079
336,0.234,0,0,0.785,0,0,0.189,0.079,0,0,0.248,0,0,0.428,0.079,0.861,0,0,0,0,0.079,0.008,0.079
337,0.234,0,0,0.785,0,0,0.189,0.079,0,0,0.248,0,0,0.259,0.079,0.861,0,0,0,0,0.079,0.008,0.079
338,0.234,0,0,0.785,0,0,0.189,0,0,0,0.248,0.096,0,0.259,0.079,0.861,0,0,0,0,0.079,0.008,0.079
339,0.234,0,0,0.785,0,0,0.189,0,0,0,0.27,0.485,0,0.259,0.079,0.597,0,0,0,0,0,0,0.079
340,0.259,0,0,0.785,0,0,0.189,0,0,0.003,0.27,0.581,0,0.175,0.079,0.597,0.597,0,0,0,0,0,0.079
341,0.259,0,0,0.735,0,0,0.524,0,0,0.003,0.27,1,0,0.175,0.079,0.597,0.599,0,0,0,0,0,0.079
342,0.259,0,0,0.735,0,0,0.597,0,0.085,0,0.332,0.858,0,0.175,0.079,0.597,0.693,0,0.175,0,0.259,0,0.079
343,0.259,0,0,0.735,0,0,0.597,0.175,0.095,0,0.597,0.834,0.728,0.22,0.079,0.597,0.597,0,0.259,0,0.259,0,0
344,0.259,0.097,0,0.597,0,0,0.597,0.175,0.095,0,0.597,0.69,0.728,0.079,0.079,0.597,0.597,0,0.259,0,0.312,0,0
345,0.259,0.597,0,0.597,0,0,0.524,0.175,0.095,0.333,0.597,0.661,0.728,0.079,0.079,0.56,0.597,0.096,0.259,0,0.279,0,0
346,0.259,0.597,0,0.597,0,0,0.524,0.175,0.095,0.881,0.597,0.434,0.952,0.079,0.079,0.56,0.524,0.079,0.259,0,0.279,0,0
347,0.428,0.693,0,0.597,0,0,0.428,0.079,0.095,0.881,0.597,0.662,0.881,0.079,0.079,0.662,0.524,0.079,0.175,0,0.189,0,0
348,0.332,0.597,0,0.597,0,0,0.428,0,0.095,0.881,0.597,0.662,0.881,0,0.151,0.662,0.332,0.079,0.175,0.14,0.189,0,0.193
349,0.332,0.597,0,0.524,0,0,0.428,0,0,0.881,0.597,0.662,0.881,0,0.151,0.657,0.191,0.079,0.079,0.215,0.114,0,0.344
350,0.428,0.597,0,0.597,0.175,0,0.428,0,0,0.881,0.5,0.597,0.881,0,0.151,0.854,0.191,0.079,0.079,0.294,0.505,0,0.428
351,0.332,0.565,,0.597,0.175,0,0.428,0,0.5,0.881,0.428,0.597,0.881,0,0.079,0.782,0.191,0.079,0.079,0.294,0.544,0,0.428
352,0.332,0.69,,0.597,0.214,0,0.376,0,0.3,0.879,0.428,0.524,0.881,0,0.079,0.787,0.175,0.079,0.079,0.294,0.743,0,0.428
353,0.332,0.787,,0.597,0.234,0,0.376,0,0.208,0.693,0.376,0.474,0.788,0,0.079,0.693,0.079,0.259,0.079,0.079,0.743,0,0.428
354,0.5,0.787,,0.597,0.234,0,0.376,0,0.3,0.597,0.27,0.657,0.788,0,0.079,0.693,0.079,0.428,0.079,0.079,0.743,0,0.428
355,0.69,0.787,,0.487,0.234,0,0.428,0,0.3,0.597,0.27,0.69,0.597,0.214,0.079,0.597,0,0.428,0.079,0.079,0.683,0.179,0.5
356,0.69,0.787,,0.406,0.351,0.079,0.428,,0.259,0.597,0.191,0.69,0.693,0.259,0.079,0.597,0.079,0.332,0.079,0.079,0.645,0.179,0.594
357,0.69,0.787,,0.406,0.653,0.079,0.428,,0.259,0.597,0.191,0.69,0.693,0.259,0.079,0.597,0.597,0.357,0.079,0.079,0.597,0.179,0.662
358,0.69,0.787,0.881,0.597,0.831,0.079,0.428,1,0.259,0.597,0.524,0.597,0.597,0.332,0.079,0.597,0.597,0.357,0,0.079,0.597,0.157,0.69
359,0.69,0.693,0.881,0.597,0.947,0.079,0.428,0.634,0.259,0.597,0.688,0.597,0.597,0.332,0,0.524,0.657,0.14,0.105,0.175,0.597,0.581,0.69
360,0.69,0.76,0.881,0.597,0.947,0.344,0.344,0.599,0.259,0.597,0.688,0.597,0.597,0.259,0,0.693,0.657,0.14,0.105,0.079,0.597,0.585,0.69
361,0.524,0.597,0.881,0.597,0.869,0.693,0.344,0.599,0.175,0.597,0.597,0.597,0.597,0.175,0,0.787,0.657,0.14,0.105,0.079,0.597,0.585,0.597
362,0.452,0.597,0.881,0.597,0.869,0.693,0.344,0.597,0.175,0.524,0.597,0.597,0.597,0.175,0,0.881,0.551,0.161,1,0.079,0.597,0.515,0.597
363,0.175,0.597,0.881,0.524,0.869,0.693,0.344,0.597,0.183,0.554,0.597,0.597,0.597,0.175,0,0.881,0.471,0.606,,0.079,0.597,0.473,0.597
364,0.175,0.597,0.881,0.524,0.869,0.693,0.344,0.597,0.183,0.554,0.597,0.597,0.524,0.175,0,0.787,0.267,0.597,,0.079,0.597,0.22,0.597
365,0.175,0.597,0.881,0.524,0.766,0.597,0.274,0.597,0.176,0.657,0.597,0.597,0.42,0.175,0.097,0.688,0.267,0.597,1,0.079,0.597,0.155,0.597
